target	regulator	combined_confidences	gold_standard	precision	recall	MCC	F1	prior	beta.sign.sum	var.exp.median
Gene1	Tf1	0.789474	0.000000	0.000000	0.000000	-0.447214	0.000000	0.000000	-1.000000	1.000000
Gene2	Tf1	0.789474						1.000000	1.000000	1.000000
Tf2	Tf1	0.789474						0.000000	-1.000000	1.000000
Tf3	Tf1	0.789474						0.000000	1.000000	1.000000
Tf1	Tf2	0.789474						1.000000	1.000000	1.000000
