target	regulator	combined_confidences	gold_standard	precision	recall	MCC	F1	prior	beta.sign.sum	var.exp.median
Gene1	Tf1	0.782609						0.000000	-1.000000	1.000000
Tf2	Tf1	0.782609	0.000000	0.000000	0.000000	0.250000	0.000000	0.000000	-1.000000	1.000000
Gene2	Tf1	0.782609						1.000000	1.000000	1.000000
Tf3	Tf1	0.782609						0.000000	1.000000	1.000000
Tf1	Tf2	0.782609	1.000000	0.500000	0.500000	0.250000	0.500000	0.000000	1.000000	1.000000
Gene3	Tf1	0.782609						1.000000	-1.000000	1.000000
