random_seed	Test	Value	Num_Obs	AUPR	F1	MCC
42			6	0.2645833333333333	0.5	0.24999999999999994
