Tf1	Tf2	Tf3
0.818182	0.000000	0.000000
0.818182	0.000000	0.000000
0.000000	0.000000	0.000000
0.000000	0.818182	0.000000
0.818182	0.000000	0.000000
0.818182	0.000000	0.000000
