Tf1	Tf2	Tf3
0.800000	0.000000	0.000000
0.800000	0.000000	0.000000
0.400000	0.000000	0.000000
0.000000	0.800000	0.000000
0.800000	0.000000	0.000000
0.800000	0.000000	0.000000
