Tf1	Tf2	Tf3
0.782609	0.000000	0.000000
0.782609	0.000000	0.000000
0.782609	0.000000	0.000000
0.000000	0.782609	0.000000
0.782609	0.000000	0.000000
0.782609	0.000000	0.000000
