target	regulator	combined_confidences	gold_standard	precision	recall	MCC	F1	beta.sign.sum	var.exp.median
Gene1	Tf1	0.800000						0.000000	1.000000
Tf2	Tf1	0.800000	0.000000	0.000000	0.000000	0.250000	0.000000	-2.000000	1.000000
Gene2	Tf1	0.800000						2.000000	1.000000
Tf3	Tf1	0.800000						0.000000	1.000000
Tf1	Tf2	0.800000	1.000000	0.500000	0.500000	0.250000	0.500000	2.000000	1.000000
Gene3	Tf1	0.400000						-1.000000	0.500000
