Tf1	Tf2	Tf3
0.789474	0.000000	0.000000
0.789474	0.000000	0.000000
0.000000	0.789474	0.000000
0.789474	0.000000	0.000000
0.789474	0.000000	0.000000
