random_seed	Test	Value	Num_Obs	AUPR	F1	MCC
42			1208	0.007786342946251042	0.07800175284837861	0.07749232009891212
